{"cameraMode":{"drawMode":0,"name":"Shaded","section":"Shading Mode"},"sceneLighting":true,"audioPlay":false,"sceneViewState":{"showFog":true,"showMaterialUpdate":false,"showSkybox":true,"showFlares":true,"showImageEffects":true,"showParticleSystems":true},"in2DMode":false,"pivot":{"x":-0.074867844581604,"y":2.293896198272705,"z":1.171738624572754},"rotation":{"x":0.22831477224826814,"y":-0.1309695839881897,"z":0.03101116418838501,"w":0.9642394185066223},"size":7.4207682609558109,"orthographic":true}